R#,PLAYER,ADP,POS,TEAM,GP,MPG,FG%,FT%,3PM,PTS,TREB,AST,STL,BLK,TO,TOTAL
1,Nikola Jokic,2.1,C,DEN,72,35.1,0.573(10.5/18.3),0.816(5.6/6.8),1.8,28.4,12.7,10.4,1.6,0.7,3.5,15.9
2,Victor Wembanyama,1.6,C,SA,66,30.4,0.502(9.2/18.3),0.831(5.1/6.1),2.2,25.6,11.8,3.6,1.1,3.2,2.9,14.25
3,Shai Gilgeous-Alexander,4.6,PG,OKC,71,33.5,0.534(11.1/20.7),0.889(8.0/8.9),1.9,32.1,4.7,6.5,1.6,0.9,2.3,14.1
4,Luka Doncic,3.8,"PG,SG",LAL,68,35.4,0.465(10.6/22.9),0.781(7.5/9.6),4,32.7,8.7,8.8,1.7,0.5,4,10.86
5,Giannis Antetokounmpo,8.8,"PF,C",MIA,69,34.2,0.608(12.1/19.9),0.628(6.9/11.0),0.3,31.4,11.9,6.5,1,1.1,3.3,10.26
6,Cade Cunningham,6.7,"PG,SG",DET,68,33.9,0.466(9.2/19.7),0.826(4.6/5.6),2,25,5.8,9.8,1.3,0.8,4.1,7.71
7,Jayson Tatum,10.5,"SF,PF",BOS,68,33.7,0.464(9.0/19.4),0.815(4.8/5.8),3.3,26.1,8.8,6.1,1.2,0.5,2.8,7.61
8,Anthony Edwards,9.9,"PG,SG",MIN,74,35.3,0.487(9.7/20.0),0.818(5.4/6.6),3.7,28.7,5.6,3.5,1.2,0.7,3,7.54
9,Tyrese Maxey,9.3,PG,PHI,70,36.1,0.458(8.4/18.2),0.885(4.6/5.2),2.8,24.2,3.4,5.8,1.8,0.5,2.2,7.5
10,Stephen Curry,24.5,PG,GS,60,31.6,0.456(8.4/18.3),0.929(4.3/4.6),4.4,25.4,3.6,5.2,1,0.4,2.9,7.43
11,Kevin Durant,17.3,"SG,SF,PF",HOU,70,34.6,0.523(8.8/16.8),0.860(4.8/5.6),2.3,24.7,5.4,4.3,0.8,1,2.9,7.17
12,Anthony Davis,36,"PF,C",WAS,65,31.1,0.514(8.6/16.8),0.767(4.7/6.1),0.6,22.5,10.9,3.2,1.1,1.9,2.1,7.12
13,Donovan Mitchell,15.2,"PG,SG",CLE,72,33.4,0.464(9.3/20.1),0.846(4.9/5.8),3.3,26.9,4.7,5.4,1.5,0.3,2.6,6.76
14,Karl-Anthony Towns,15,"PF,C",NY,73,31.3,0.514(7.6/14.7),0.844(4.6/5.4),1.7,21.3,11.8,3.5,0.9,0.6,2.5,6.69
15,Jamal Murray,20.2,PG,DEN,73,34.8,0.478(8.2/17.2),0.887(3.9/4.4),2.8,23.2,4.1,6.5,1.1,0.4,2.1,6.45
16,Kawhi Leonard,26.7,"SG,SF,PF",TOR,60,31.1,0.491(8.6/17.5),0.872(4.4/5.0),2.2,23.7,5,3,1.7,0.4,1.9,6.3
17,Jalen Johnson,12.8,"SF,PF",ATL,72,35.1,0.482(8.1/16.8),0.786(3.7/4.7),1.5,21.4,10.2,6.9,1.4,0.6,3.3,6.29
18,Cooper Flagg,10.1,"SG,SF,PF",DAL,72,34.1,0.475(8.8/18.5),0.836(4.4/5.3),1.3,23.3,7.3,4.9,1.3,1,2.2,6.29
19,Tyrese Haliburton,18.1,"PG,SG",IND,60,30.9,0.467(6.1/13.0),0.852(2.4/2.8),2.8,17.3,3.3,9.6,1.3,0.6,1.7,6.22
20,Trae Young,26.8,PG,WAS,70,33.4,0.436(7.0/16.0),0.868(6.2/7.1),2.7,22.8,2.9,10.8,1.1,0.2,4.3,6.04
21,Trey Murphy III,39.3,"SG,SF",NO,68,35.2,0.463(7.4/16.0),0.888(3.6/4.0),3.2,21.6,5.5,3.7,1.3,0.5,1.9,5.89
22,Scottie Barnes,14,"SF,PF,C",TOR,80,34.2,0.477(7.5/15.7),0.784(3.4/4.3),1,19.4,7.9,6.1,1.5,1.3,2.8,5.86
23,Chet Holmgren,25.9,"PF,C",OKC,70,29.7,0.536(6.3/11.7),0.780(3.4/4.4),1.4,17.3,9.1,1.9,0.7,2.1,1.7,5.76
24,James Harden,36.3,"PG,SG",CLE,72,33.4,0.421(5.9/14.0),0.878(5.6/6.4),2.6,20,4.6,8.2,1.1,0.5,3.4,5.7
25,Austin Reaves,21.9,"PG,SG,SF",LAL,70,34.4,0.472(6.9/14.5),0.874(5.2/5.9),2.6,21.5,4.6,5.7,1.1,0.3,2.6,5.5
26,Evan Mobley,30.5,"PF,C",CLE,72,32.5,0.552(7.5/13.7),0.665(3.1/4.7),1.1,19.3,9.6,3.6,0.8,1.8,2.1,5.15
27,Kyrie Irving,51.9,PG,DAL,55,31.8,0.484(7.5/15.5),0.899(3.3/3.7),2.4,20.7,4,4.9,1.1,0.4,1.9,4.82
28,Jaren Jackson Jr.,51.2,"PF,C",UTA,67,30.7,0.483(7.9/16.4),0.788(4.0/5.1),2,21.8,5.8,2.1,1.2,1.5,2.2,4.74
29,Amen Thompson,24.6,"PG,SG",HOU,76,36.2,0.539(7.0/13.0),0.760(3.7/4.9),0.4,18.1,7.9,4.2,1.5,1,2.2,4.67
30,Dejounte Murray,70.6,PG,NO,65,30.7,0.456(6.3/13.8),0.836(3.2/3.8),1.6,17.3,6.1,7.1,1.8,0.3,3.4,4.61
31,Devin Booker,28.3,"PG,SG",PHO,68,33.5,0.459(8.2/17.9),0.884(6.1/6.9),2.1,24.6,3.8,6.3,0.8,0.2,2.9,4.55
32,Lauri Markkanen,40.3,"SF,PF",UTA,65,34.1,0.452(8.0/17.8),0.886(4.7/5.4),3,23.8,6.7,1.9,0.9,0.5,1.5,4.52
33,Desmond Bane,53.2,"SG,SF",ORL,76,33.6,0.484(7.0/14.5),0.904(3.2/3.5),2.2,19.4,4.9,4.6,1.1,0.4,2.2,4.43
34,Josh Giddey,25.1,"PG,SG",CHI,70,32,0.457(5.8/12.7),0.771(2.9/3.8),1.8,16.3,8.5,8.4,1.2,0.6,3.3,4.31
35,Walker Kessler,35.6,C,LAL,68,30.2,0.666(4.9/7.3),0.570(1.5/2.6),0.5,11.8,10.8,1.8,0.7,2.2,1.9,4.3
36,Jalen Duren,35.1,C,DET,70,28.4,0.652(6.9/10.7),0.738(3.9/5.2),0,17.7,11.1,2.5,0.8,0.9,1.9,4.26
37,Zach Edey,73.8,C,MEM,65,25.8,0.619(5.3/8.5),0.775(2.5/3.2),0.3,13.3,10.3,1.2,0.7,1.8,1.8,4.26
38,Darius Garland,63.8,PG,LAC,68,31.4,0.468(7.5/16.1),0.872(2.9/3.3),2.9,20.8,2.8,7,1.2,0.2,2.8,4.24
39,Jalen Williams,43.2,"SF,PF",OKC,68,31.2,0.484(7.8/16.0),0.805(3.4/4.3),1.5,20.4,5.2,5.3,1.5,0.6,2.1,4.14
40,Domantas Sabonis,29.9,"PF,C",SAC,70,30.7,0.581(6.7/11.5),0.749(2.8/3.8),0.7,17,12.3,5.2,0.7,0.3,2.6,4.07
41,LeBron James,39.6,"SF,PF",PHI,60,32.1,0.513(7.7/15.0),0.760(3.4/4.4),1.5,20.3,6.2,7.4,1,0.5,3,4.05
42,Derrick White,46.6,"PG,SG",BOS,75,33.8,0.416(5.7/13.6),0.871(2.1/2.4),3.1,16.5,4.5,5.1,1.1,1.2,1.7,3.99
43,Tyler Herro,66.6,"PG,SG",MIL,64,31.8,0.475(7.7/16.2),0.887(3.3/3.7),2.9,21.5,4.8,4.8,0.8,0.3,2.2,3.96
44,Jalen Brunson,22.4,PG,NY,72,34.2,0.476(9.0/18.9),0.831(5.1/6.1),2.5,25.5,3.1,6.9,0.8,0.1,2.4,3.95
45,Nickeil Alexander-Walker,60,"PG,SG",ATL,76,33,0.456(6.5/14.2),0.881(3.6/4.1),3,19.6,3.8,3.6,1.1,0.5,1.9,3.89
46,Franz Wagner,53.7,"SF,PF",ORL,64,32.5,0.468(8.4/18.0),0.852(4.7/5.5),1.6,23.2,5.6,4.3,1.2,0.4,2.1,3.83
47,LaMelo Ball,24.8,PG,MIN,65,29.2,0.431(6.9/16.0),0.866(2.7/3.1),2.9,19.4,4.5,7.1,1.3,0.2,2.8,3.67
48,Joel Embiid,50.5,C,PHI,52,29.4,0.471(7.5/15.9),0.857(6.0/7.0),1.1,22.2,7.5,3,0.5,1,2.9,3.54
49,Alperen Sengün,18.1,"PF,C",HOU,72,33.3,0.508(8.1/15.9),0.691(3.9/5.6),0.4,20.5,10,5.7,1.2,1,3,3.51
50,Kel'el Ware,72.8,C,MIL,74,27.9,0.540(5.4/10.0),0.714(1.1/1.5),1.1,13,10.5,1.1,0.9,1.4,1.1,3.44
51,Bam Adebayo,30.9,"PF,C",MIA,74,33.4,0.463(7.0/15.1),0.773(3.9/5.0),1.4,19.3,9.9,3.8,1.2,0.7,1.9,3.36
52,Paul George,81,"SF,PF",BOS,58,31.2,0.434(6.2/14.2),0.820(2.2/2.7),2.6,17.1,5.4,4.1,1.8,0.5,2.2,3.36
53,Jalen Suggs,111.1,"PG,SG",ORL,60,28.4,0.424(5.3/12.6),0.866(2.2/2.5),2.2,15.1,4,4.9,1.7,0.8,2.8,3.34
54,Brandon Miller,47.4,"SF,PF",CHA,69,31.4,0.425(7.2/16.8),0.885(2.9/3.3),3.4,20.6,4.9,3.5,1,0.7,2.6,3.34
55,Matas Buzelis,59.1,"SF,PF",CHI,75,31.3,0.460(6.2/13.5),0.795(2.4/3.1),2.4,17.2,6.4,2.1,0.8,1.7,2.1,3.3
56,Kon Knueppel,39.2,"SG,SF",CHA,74,32.3,0.475(6.6/13.9),0.862(2.5/2.9),3.5,19.2,5.5,3.5,0.7,0.2,2.1,3.1
57,OG Anunoby,65.7,"SF,PF",NY,68,33.2,0.479(6.0/12.5),0.819(2.5/3.0),2.2,16.7,4.8,2.1,1.5,0.8,1.5,3.07
58,Damian Lillard,69.7,PG,POR,50,28.2,0.438(5.8/13.2),0.882(4.4/5.0),3.1,19.1,3.5,5,0.9,0.1,2.1,3.04
59,Kristaps Porzingis,101.5,C,GS,51,26,0.468(6.0/12.8),0.823(3.9/4.7),2.1,17.9,6,2.2,0.7,1.3,1.3,3.04
60,Brandon Ingram,66.3,"SG,SF,PF",LAC,72,34.1,0.474(8.3/17.5),0.826(3.7/4.4),1.9,22.1,5.7,4.1,0.8,0.7,2.8,3.01
61,Jimmy Butler III,117.4,"SF,PF",GS,25,27.5,0.510(5.1/10.1),0.851(5.5/6.4),0.6,16.4,4.8,4.6,1.3,0.3,1.3,2.98
62,Donovan Clingan,40.5,C,POR,74,27.2,0.527(4.3/8.2),0.674(1.6/2.4),1.1,11.4,11.4,1.9,0.6,1.8,1.3,2.9
63,Cameron Boozer,58.6,PF,MEM,70,30.4,0.518(6.0/11.5),0.784(4.0/5.1),1.2,17.2,7,3.9,1.1,0.6,2.5,2.87
64,Ty Jerome,106.4,"PG,SG",MEM,60,27.4,0.479(5.9/12.3),0.874(2.5/2.9),2.2,16.4,3,5.2,1.3,0.2,1.7,2.79
65,Onyeka Okongwu,54.9,C,ATL,74,31.1,0.474(5.6/11.9),0.757(2.3/3.0),1.8,15.4,7.9,2.9,1.1,1.1,1.6,2.78
66,Michael Porter Jr.,61.8,"SF,PF",BKN,60,32,0.476(7.2/15.1),0.831(2.8/3.3),2.9,20.1,6.8,2.4,0.8,0.4,1.9,2.76
67,Ryan Rollins,75.8,"PG,SG",MIL,72,30.1,0.475(5.9/12.4),0.797(1.5/1.9),2.2,15.5,4.2,4.9,1.5,0.5,2.4,2.64
68,Pascal Siakam,48.8,"PF,C",IND,72,34.5,0.501(8.9/17.7),0.722(3.7/5.1),1.8,23.2,7.2,3.8,1.1,0.5,1.9,2.62
69,Ivica Zubac,65.7,C,IND,72,30.4,0.618(6.6/10.7),0.681(1.9/2.9),0,15.2,11.5,2.4,0.6,1,1.6,2.61
70,Dyson Daniels,61.7,"SG,SF",ATL,75,32.3,0.504(5.1/10.1),0.622(1.0/1.6),0.6,11.8,6.1,4.7,2.2,0.6,1.7,2.6
71,Jaden McDaniels,86.7,SF,MIN,74,32.8,0.496(6.0/12.1),0.813(1.8/2.2),1.5,15.3,5.8,2.7,1.1,1,1.7,2.55
72,Zach LaVine,107.5,"PG,SG,SF",SAC,68,32.4,0.501(7.6/15.1),0.844(3.1/3.7),2.9,21.1,3.6,3.4,0.7,0.2,2.4,2.5
73,Jaylen Brown,28.7,"SG,SF,PF",PHI,70,33.1,0.486(8.3/17.0),0.782(4.3/5.6),1.7,22.6,5.7,3.4,1.1,0.5,2.5,2.44
74,De'Aaron Fox,80.2,PG,SA,72,30.5,0.483(7.0/14.5),0.799(3.1/3.9),1.7,18.9,3.9,5.8,1.2,0.3,2.3,2.44
75,John Collins,117.4,"PF,C",DET,70,28.9,0.541(6.1/11.2),0.810(2.4/3.0),1.4,16,6.6,1.4,0.9,0.9,1.9,2.44
76,Immanuel Quickley,96.9,"PG,SG",TOR,70,32,0.435(6.0/13.8),0.837(2.9/3.4),2.7,17.6,4.1,6.2,1.2,0.1,1.6,2.41
77,Naz Reid,63.8,"PF,C",CHA,74,30.8,0.449(6.1/13.5),0.756(1.5/2.0),2.5,16.1,7.1,2.6,1,1.1,1.7,2.41
78,Rudy Gobert,73.4,C,MIN,74,31.5,0.675(4.5/6.7),0.596(2.3/3.8),0,11.3,11.1,1.7,0.8,1.5,1.3,2.28
79,Deni Avdija,38.5,"SG,SF,PF",POR,68,33.3,0.469(6.2/13.3),0.793(5.4/6.8),1.7,19.6,6.8,5,0.9,0.5,3.1,2.27
80,Zion Williamson,69.9,"PF,C",NO,60,29.4,0.587(8.4/14.3),0.696(5.3/7.7),0.1,22.1,6.2,3.9,1.1,0.7,2.4,2.2
81,Day'Ron Sharpe,94,C,BKN,68,28.2,0.563(4.8/8.6),0.704(2.0/2.9),0.3,11.9,9.4,3,1.4,0.9,2.2,2.18
82,Jarrett Allen,72.7,C,CLE,70,26.9,0.676(5.5/8.2),0.712(2.7/3.8),0,13.8,8.9,1.8,0.9,0.8,1.2,2.12
83,Ja Morant,91.5,PG,POR,62,30.4,0.465(6.7/14.5),0.845(4.6/5.5),1.4,19.5,3.4,6.6,1,0.2,3.2,2.05
84,Keyonte George,55.9,"PG,SG",UTA,70,31.9,0.423(6.3/14.9),0.860(4.7/5.5),2.6,19.9,3.7,6.1,0.9,0.2,2.9,2.03
85,Josh Hart,96,"SG,SF",NY,68,31.5,0.503(4.6/9.1),0.753(1.6/2.2),1.2,12,8,5,1.3,0.3,1.9,1.9
86,Coby White,87.7,"PG,SG",CHA,72,31,0.451(6.4/14.3),0.864(3.9/4.5),2.7,19.5,3.6,4.7,0.8,0.2,2.5,1.84
87,VJ Edgecombe,74.2,"PG,SG",PHI,74,34.1,0.438(5.9/13.5),0.815(1.9/2.4),2,15.7,5.6,4.1,1.4,0.5,1.8,1.84
88,Andrew Wiggins,103.6,"SG,SF,PF",MIA,68,31.4,0.461(6.2/13.5),0.771(2.6/3.4),2.2,17.2,4.9,2.8,1.1,1,1.6,1.8
89,Ausar Thompson,89.7,"SG,SF,PF",DET,74,28.2,0.529(4.9/9.2),0.602(1.8/2.9),0.2,11.6,6.4,3.2,2.2,1,1.7,1.79
90,Ajay Mitchell,114.4,"PG,SG",OKC,68,30.1,0.487(5.5/11.4),0.865(2.5/2.9),1.2,14.8,3.8,4,1.4,0.3,1.6,1.78
91,Payton Pritchard,78.7,PG,BOS,77,32.5,0.467(6.2/13.3),0.873(1.3/1.5),3.2,16.9,3.4,4.7,0.8,0.2,1.3,1.78
92,Jakob Poeltl,121.6,C,TOR,58,26.5,0.653(5.5/8.4),0.642(1.5/2.3),0,12.4,8.2,2.4,1,1,1.6,1.74
93,Isaiah Hartenstein,105,C,OKC,68,26.4,0.597(4.5/7.6),0.645(1.4/2.2),0,10.5,10.3,3.8,0.9,1,1.7,1.67
94,Cameron Johnson,110.7,"SF,PF",DEN,60,30.8,0.477(5.3/11.0),0.875(2.7/3.0),2.4,15.6,4.1,2.9,0.8,0.4,1.3,1.66
95,Keegan Murray,120.6,"SF,PF",SAC,72,34.2,0.450(6.2/13.8),0.824(1.5/1.8),2.2,16.1,6.5,1.5,0.9,1.1,1,1.65
96,Myles Turner,98.9,C,MIL,70,27.4,0.463(4.6/9.9),0.758(2.1/2.8),2.1,13.3,5.8,1.5,0.7,1.8,1.4,1.57
97,Norman Powell,93.1,"SG,SF",CHI,65,29.6,0.477(7.1/15.0),0.816(3.9/4.7),2.7,20.9,3.2,2.2,1.1,0.2,1.8,1.55
98,Julius Randle,67.3,PF,BKN,75,32.6,0.476(7.0/14.7),0.789(4.6/5.8),1.5,20,6.9,4.6,0.9,0.2,2.8,1.46
99,Neemias Queta,111.8,C,BOS,75,25.9,0.653(4.3/6.6),0.719(1.6/2.2),0,10.2,8.2,1.6,0.7,1.3,1.1,1.43
100,Derik Queen,78.2,"PF,C",NO,80,27.5,0.473(4.8/10.1),0.796(2.9/3.7),0.3,12.8,7.7,4,1.1,1,2.6,1.42
101,Paolo Banchero,34.7,PF,ORL,73,35.2,0.456(8.2/18.0),0.756(6.4/8.5),1.5,24.3,8.3,5.2,0.8,0.6,3.1,1.4
102,Mikal Bridges,78.8,"SF,PF",NY,80,32.5,0.496(6.1/12.3),0.815(1.0/1.2),1.8,15,3.3,3.5,1,0.6,1.2,1.22
103,Cason Wallace,117.8,"PG,SG,SF",OKC,78,30.4,0.451(3.8/8.4),0.817(0.7/0.8),1.4,9.6,3.7,2.9,2.1,0.5,1,1.2
104,Khaman Maluach,120.6,C,PHO,60,25.9,0.542(4.2/7.8),0.721(1.4/2.0),0.3,10.2,9.1,0.7,0.5,1.9,1.6,1.14
105,Sandro Mamukelashvili,117.5,"PF,C",LAL,74,25.8,0.517(5.1/9.8),0.749(1.7/2.3),1.9,13.7,6.2,2.1,0.9,0.6,1,1.13
106,Dylan Harper,83.3,"PG,SG",SA,72,29.5,0.504(6.3/12.6),0.754(1.7/2.3),1.2,15.6,4.5,5.1,1,0.5,1.9,1.09
107,Miles Bridges,98.2,PF,PHO,72,30.1,0.445(6.5/14.7),0.845(3.0/3.5),2,18,6.4,3.4,0.6,0.5,1.7,1.08
108,Collin Murray-Boyles,115.7,"PF,C",TOR,68,28,0.579(4.5/7.8),0.657(1.6/2.5),0.4,11,6.5,2.4,1.2,1.2,1.3,0.96
109,Tre Jones,,"PG,SG",CHI,68,25.9,0.549(4.6/8.4),0.837(2.4/2.9),0.6,12.3,3.2,5.3,1.1,0.2,1.3,0.87
110,Christian Braun,120.1,"SG,SF,PF",DEN,72,31.8,0.560(5.3/9.5),0.815(2.0/2.5),1,13.8,4.9,2.6,0.9,0.4,1,0.87
111,Brandin Podziemski,115.9,"PG,SG",GS,78,31,0.451(5.2/11.6),0.785(2.0/2.6),2.1,14.5,5.8,4.1,1.2,0.2,1.6,0.85
112,Alexandre Sarr,69,C,WAS,68,28.8,0.433(6.0/13.8),0.686(2.0/2.9),1.5,15.4,7.4,2.7,0.8,1.8,1.8,0.84
113,De'Andre Hunter,91,"SF,PF",SAC,65,31.5,0.448(6.2/13.8),0.855(3.7/4.3),2.5,18.6,4.8,2,0.9,0.2,1.7,0.82
114,Jabari Smith Jr.,95.3,"PF,C",HOU,75,35.2,0.446(5.5/12.4),0.796(2.1/2.7),2.2,15.4,7.5,1.6,0.7,0.9,1.3,0.74
115,Caleb Wilson,79.5,PF,CHI,72,30.4,0.491(5.2/10.5),0.720(3.9/5.5),1,15.2,8,2,1.2,1,1.8,0.71
116,Mitchell Robinson,108.4,C,BOS,65,22.8,0.709(2.9/4.1),0.448(0.9/1.9),0,6.7,9.8,1,1.1,1.4,0.8,0.69
117,Cedric Coward,91.9,"SG,SF",MEM,70,28.8,0.450(6.0/13.3),0.844(2.6/3.0),1.8,16.3,6.6,3.1,0.7,0.5,1.9,0.67
118,Reed Sheppard,119.4,"PG,SG",HOU,74,25.8,0.415(4.6/11.0),0.800(0.8/1.0),2.6,12.5,2.9,3.3,1.5,0.7,1.5,0.46
119,Paul Reed,119.2,"PF,C",DET,69,17.9,0.585(3.8/6.5),0.693(1.4/2.1),0.3,9.3,5.6,1.7,1.3,1.2,1.1,0.45
120,Kevin Porter Jr.,117.6,"PG,SG",MIL,60,24.4,0.456(4.8/10.5),0.822(2.4/2.9),0.9,12.9,4.3,4.8,1.5,0.3,2.2,0.39
121,Quentin Grimes,121.9,"SG,SF",LAL,74,30.8,0.459(5.3/11.6),0.799(2.7/3.3),2.1,15.5,4.4,3.5,1,0.4,2,0.36
122,Draymond Green,110.9,"PF,C",GS,68,28.8,0.421(3.2/7.6),0.695(1.2/1.7),1.4,8.9,6,5.7,1.2,0.9,2.7,0.3
123,Nicolas Claxton,91.4,C,CHI,70,28.4,0.568(4.9/8.7),0.574(1.7/2.9),0.1,11.6,7.5,3.1,0.8,1.3,1.4,0.26
124,Toumani Camara,112.5,"SF,PF",POR,80,33.1,0.448(4.6/10.2),0.713(1.2/1.7),2.2,12.6,5.5,2.4,1.3,0.5,1.6,0.25
125,Collin Gillespie,123.5,"PG,SG",PHO,75,26.4,0.420(4.1/9.7),0.868(0.9/1.1),2.6,11.7,3.9,4.4,1.2,0.2,1.4,0.24
126,Gui Santos,,"SF,PF",GS,72,30.1,0.488(4.4/9.0),0.715(1.6/2.3),1.6,12,6.2,3.4,1.2,0.5,2,0.22
127,Cam Spencer,,"PG,SG",MEM,65,23.8,0.465(3.6/7.8),0.947(1.8/1.9),2,11.1,2.6,5.3,0.8,0.2,1.2,0.22
128,Jrue Holiday,118.3,"PG,SG",POR,54,28.2,0.448(4.7/10.6),0.867(1.3/1.5),2,12.8,4.2,4.6,1,0.3,1.8,0.21
129,DeMar DeRozan,116.5,"SF,PF",DEN,72,27.8,0.498(5.7/11.5),0.863(3.8/4.4),0.9,16.2,2.7,2.3,0.9,0.4,1,0.18
130,Devin Vassell,116.7,"SG,SF",SA,68,30.5,0.441(5.5/12.6),0.806(1.5/1.9),2.5,15.1,4,2.7,1.1,0.4,1.1,0.16
131,Saddiq Bey,121.5,"SF,PF",NO,72,29.2,0.451(5.7/12.7),0.842(3.3/3.9),2,16.7,5.3,2.4,0.9,0.1,0.9,0.08
132,Fred VanVleet,119.7,PG,HOU,60,31.2,0.378(4.3/11.3),0.814(1.7/2.0),2.4,12.6,3.3,5,1.4,0.4,1.3,0.05
133,Jusuf Nurkic,114,C,UTA,58,26.4,0.490(4.3/8.8),0.612(1.8/3.0),0.7,11.2,10.2,3.9,1.1,0.7,2.5,0.04
134,Aaron Nesmith,102.5,"SG,SF",IND,69,30.4,0.454(5.1/11.1),0.862(2.1/2.4),2.4,14.5,4.6,1.8,0.8,0.5,1.3,0.01
135,CJ McCollum,108.9,"PG,SG",ATL,73,30,0.450(7.2/15.9),0.749(2.3/3.0),2.7,19.3,3.4,3.9,0.8,0.4,1.8,-0.06
136,Robert Williams III,,C,POR,60,17.1,0.691(2.9/4.2),0.660(0.6/0.9),0.1,6.5,6.8,1,0.6,1.5,0.8,-0.15
137,Andrew Nembhard,115.9,"PG,SG",IND,64,30.4,0.449(4.9/10.8),0.813(2.5/3.1),1.3,13.6,3.2,6.4,1.1,0.2,2.1,-0.15
138,Egor Demin,120.3,"PG,SG",BKN,69,29.5,0.418(4.6/11.1),0.826(1.3/1.6),2.6,13.2,3.7,4,1,0.4,2.1,-0.17
139,Peyton Watson,116.2,"SF,PF",CLE,70,30.1,0.474(4.6/9.6),0.717(2.2/3.0),1.2,12.5,4.7,1.9,0.9,1.4,1.4,-0.23
140,Jalen Green,104.8,"SG,SF",PHO,69,31.1,0.423(7.3/17.4),0.798(3.0/3.8),2.7,20.4,4.4,3.3,0.9,0.3,2.5,-0.25
141,Kyshawn George,115.8,"SG,SF,PF",WAS,68,29,0.406(4.2/10.3),0.785(1.6/2.1),2,11.9,4.9,3.5,1.1,0.9,2,-0.31
142,Anthony Black,118.8,"PG,SG,SF",ORL,68,30.4,0.436(4.9/11.3),0.746(2.6/3.5),1.3,13.7,3.8,3.9,1.4,0.8,2.2,-0.35
143,P.J. Washington,118.7,"PF,C",DAL,68,30.4,0.451(5.1/11.4),0.703(2.3/3.3),1.4,14,7.2,2,1,1,1.8,-0.36
144,Aaron Gordon,112.7,"PF,C",DEN,58,27.9,0.516(5.3/10.3),0.789(3.1/3.9),1.6,15.3,5.2,3,0.5,0.3,1.3,-0.36
145,Ayo Dosunmu,112.9,"PG,SG",MIN,73,27.4,0.508(4.9/9.6),0.844(1.5/1.8),1.5,12.7,3.2,3.7,0.8,0.3,1.3,-0.37
146,Tari Eason,122.2,"SG,SF,PF",HOU,60,24.2,0.450(4.2/9.4),0.766(1.1/1.4),1.3,10.8,6.1,1.4,1.4,0.6,1.2,-0.39
147,Bobby Portis,114.8,"PF,C",MIA,68,25.1,0.478(5.7/11.9),0.776(1.0/1.3),1.8,14.1,7.4,1.9,0.7,0.3,1.1,-0.4
148,Malik Monk,,"PG,SG",SAC,68,26.2,0.439(5.3/12.2),0.869(1.9/2.2),2,14.6,2.8,4.2,0.8,0.5,1.9,-0.4
149,Jaime Jaquez Jr.,103.9,"SG,SF,PF",MIL,72,29.2,0.491(5.7/11.6),0.762(2.3/3.0),0.8,14.6,5.6,4.4,1,0.3,2.1,-0.41
150,Stephon Castle,55.1,"PG,SG",SA,70,31.4,0.448(6.1/13.6),0.729(4.0/5.5),1.3,17.5,5,6.3,1.2,0.3,3,-0.56
151,Wendell Carter Jr.,111.2,C,ORL,70,29.3,0.490(4.0/8.3),0.768(2.4/3.1),0.8,11.3,7.8,2.1,0.8,0.7,1.3,-0.56
152,RJ Barrett,111.1,"SG,SF,PF",TOR,58,31.5,0.479(7.6/15.9),0.670(3.5/5.2),1.8,20.5,5.9,4.5,0.8,0.3,2.3,-0.6
153,Tobias Harris,117.6,PF,SA,65,26.2,0.474(4.5/9.6),0.863(1.8/2.1),1.1,12,4.9,2.1,0.9,0.5,1,-0.64
154,Dereck Lively II,,C,DAL,55,19.8,0.694(3.1/4.4),0.651(1.1/1.8),0,7.3,6.5,2.1,0.5,1.4,1.1,-0.7
155,Darryn Peterson,98.4,SG,UTA,68,29.1,0.427(4.9/11.4),0.818(3.4/4.1),2,15.1,3.1,3,1.1,0.5,2,-0.75
156,Isaiah Stewart,114.5,"PF,C",MEM,64,23.1,0.554(3.4/6.1),0.757(1.4/1.9),0.5,8.6,5.9,1.6,0.4,1.5,1.2,-0.79
157,Santi Aldama,,PF,DAL,64,26.5,0.481(5.1/10.5),0.677(1.3/2.0),1.8,13.2,5.1,2.9,0.8,0.6,1.2,-0.8
158,Jaylin Williams,,"PF,C",OKC,68,23.1,0.428(2.8/6.5),0.790(1.1/1.4),1.8,8.5,6.2,3.2,0.6,0.8,1.2,-0.82
159,Joan Beringer,,"PF,C",MIN,69,18.4,0.664(3.9/5.8),0.703(1.5/2.2),0,9.2,5.4,0.7,0.4,1.5,0.7,-0.83
160,Isaiah Joe,,"SG,SF",DET,70,25.4,0.447(4.2/9.3),0.872(1.3/1.5),3.1,12.7,3.1,1.8,0.8,0.2,0.7,-0.84
161,Naji Marshall,118,"SG,SF,PF",DAL,72,28.1,0.506(5.4/10.7),0.777(2.5/3.2),0.8,14.1,4.7,3.1,1.1,0.1,1.6,-1.03
162,Julian Champagnie,111.4,"SF,PF",SA,75,26.5,0.426(3.7/8.6),0.870(1.3/1.5),2.4,11,5,1.5,0.8,0.5,0.9,-1.03
163,Obi Toppin,,"SF,PF",IND,60,21,0.522(4.5/8.6),0.820(1.4/1.7),1.6,12,4.6,2,0.6,0.3,1,-1.1
164,Bradley Beal,,"SG,SF",LAC,50,27.5,0.465(5.3/11.3),0.801(1.8/2.2),1.7,13.9,2.8,3,0.9,0.4,1.7,-1.21
165,Collin Sexton,117.3,"PG,SG",LAL,70,25.4,0.483(5.1/10.6),0.862(2.9/3.3),1.5,14.6,2.2,3.2,0.8,0.1,2,-1.22
166,Grayson Allen,117.1,"SG,SF",CHA,64,22,0.422(3.9/9.3),0.841(1.9/2.3),2.5,12.2,2.8,2.7,1,0.3,1.3,-1.23
167,Moussa Diabaté,109.4,C,CHA,72,25.5,0.616(3.3/5.3),0.633(1.5/2.4),0,8,8.8,1.6,0.8,0.9,1.1,-1.24
168,Herbert Jones,,"SG,SF",NO,68,29.4,0.397(3.4/8.5),0.813(1.1/1.3),1.3,9.2,3.5,2.9,1.6,0.5,1.4,-1.26
169,Yanic Konan Niederhauser,,C,LAC,50,21.4,0.641(3.3/5.1),0.759(2.4/3.2),0.1,9,6,0.6,0.3,1.5,1.2,-1.28
170,Kelly Oubre Jr.,117.1,"SF,PF",IND,64,28.2,0.468(4.7/10.0),0.759(2.0/2.6),1.2,12.6,4.8,1.5,1.3,0.4,1.2,-1.33
171,Max Christie,,"SG,SF",DAL,75,30.5,0.435(4.0/9.3),0.878(1.8/2.1),2.1,11.9,3.6,2.1,0.8,0.4,1.3,-1.37
172,Davion Mitchell,119,PG,MIA,73,30.1,0.480(3.7/7.6),0.670(0.8/1.1),1.3,9.4,2.7,6.2,1.1,0.2,1.8,-1.37
173,Dillon Brooks,114.4,"SF,PF",PHO,63,30.1,0.434(6.6/15.2),0.824(2.8/3.4),2.3,18.3,3.6,1.7,0.9,0.2,1.3,-1.37
174,Ace Bailey,118.6,"SF,PF",UTA,72,27.9,0.443(5.6/12.6),0.752(0.9/1.3),1.9,14.1,4.3,1.9,0.9,0.7,1.5,-1.4
175,Yaxel Lendeborg,116.4,PF,GS,72,23.5,0.497(2.9/5.9),0.828(2.0/2.4),1,8.8,5.1,1.9,0.6,0.7,0.6,-1.41
176,Scotty Pippen Jr.,,PG,MEM,50,20.4,0.475(3.6/7.5),0.720(1.5/2.1),1.1,9.7,3.1,4.3,1.3,0.4,1.8,-1.46
177,Jay Huff,102.3,C,IND,74,17.1,0.490(3.1/6.4),0.815(0.9/1.1),1.4,8.6,3.2,1.1,0.4,1.5,0.8,-1.46
178,Nikola Vucevic,114.1,C,ORL,64,21.2,0.493(4.5/9.1),0.815(1.0/1.2),1.1,11,6.3,2.3,0.5,0.5,1,-1.47
179,De'Anthony Melton,,"PG,SG",GS,55,22.2,0.407(4.3/10.5),0.815(1.9/2.3),1.5,11.9,3.2,2.6,1.5,0.4,1.8,-1.49
180,Max Strus,,"SF,PF",LAC,68,27.4,0.443(3.7/8.5),0.816(0.6/0.8),2.6,10.7,5,3.2,0.5,0.2,1.1,-1.5
181,Daniel Gafford,106.4,C,DAL,64,21.7,0.648(3.9/6.0),0.671(2.0/3.0),0,9.8,6.4,1.2,0.5,1.2,1.1,-1.53
182,Daniss Jenkins,,"PG,SG",DET,72,26.1,0.406(4.2/10.3),0.821(2.4/2.9),1.3,12.1,3,5,1.1,0.3,2.1,-1.61
183,Anfernee Simons,100.3,"PG,SG",PHI,67,25.7,0.431(5.4/12.6),0.901(1.7/1.9),2.6,15.1,2.3,3.3,0.6,0.1,1.5,-1.62
184,Royce O'Neale,,"SF,PF",CHA,70,24.6,0.422(3.1/7.3),0.718(0.3/0.4),2.4,8.9,4.4,2.3,0.9,0.4,1,-1.65
185,Duncan Robinson,106.6,"SG,SF",DET,76,28.4,0.447(4.5/10.0),0.800(1.0/1.2),3,12.9,2.7,2.5,0.6,0.2,1,-1.68
186,Ryan Kalkbrenner,114.3,C,CHA,68,19.2,0.753(2.9/3.8),0.717(1.1/1.5),0,6.8,4.9,0.7,0.4,1.3,0.8,-1.68
187,Jerami Grant,118.5,"SF,PF",MEM,50,26.5,0.418(4.5/10.8),0.825(3.4/4.1),2,14.4,3,1.9,0.7,0.7,1.5,-1.68
188,Luke Kornet,87.5,C,SA,68,20,0.657(2.6/4.0),0.765(1.2/1.5),0,6.4,5.8,1.8,0.5,1,0.4,-1.72
189,Jared McCain,106.9,"PG,SG",OKC,72,27.8,0.438(5.3/12.1),0.870(1.6/1.8),2.4,14.6,3.1,2.4,0.8,0.1,1.5,-1.72
190,Mark Williams,105.3,C,PHO,10,20.3,0.616(3.9/6.4),0.756(1.8/2.4),0,9.7,6.6,1.2,0.6,0.8,1,-1.74
191,Alex Caruso,98.8,"SG,SF",OKC,58,19.4,0.435(2.5/5.8),0.814(0.8/1.0),1.1,6.9,3,2.4,1.5,0.5,0.8,-1.75
192,Rui Hachimura,106.7,"SF,PF",LAC,70,30.1,0.512(4.8/9.4),0.743(1.1/1.5),1.8,12.5,4.2,1.1,0.7,0.4,0.7,-1.75
193,Kris Dunn,,"PG,SG",LAC,72,24.5,0.457(2.6/5.6),0.734(0.5/0.6),1,6.6,3.2,3.1,1.6,0.3,1.1,-1.76
194,Sam Merrill,,"SG,SF",CLE,65,25.4,0.436(3.7/8.4),0.889(0.8/0.9),2.7,10.8,2.7,2.2,0.8,0.2,0.7,-1.81
195,Mikel Brown Jr.,117.1,PG,BKN,69,28.8,0.418(4.0/9.5),0.845(3.7/4.3),1.9,13.5,2.5,3.5,0.9,0.1,2.3,-1.82
196,Darius Acuff Jr.,110.2,PG,SAC,72,29.1,0.454(5.0/10.9),0.804(3.0/3.8),1.6,14.5,1.9,5,0.6,0.2,1.4,-1.84
197,Derrick Jones Jr.,,"SF,PF",LAC,58,25.8,0.515(4.0/7.8),0.731(1.3/1.7),1.1,10.4,3.5,1,1,0.7,0.9,-1.87
198,Maxime Raynaud,119.7,C,SAC,72,23.2,0.571(4.6/8.0),0.785(1.6/2.0),0.3,11,6.6,1.2,0.5,0.5,1.1,-1.91
199,Shaedon Sharpe,117.6,"PG,SG",POR,44,26.8,0.452(6.3/13.9),0.786(2.4/3.1),1.8,16.8,3.8,2.3,0.9,0.2,2.1,-1.91
200,Scoot Henderson,,PG,POR,60,26.7,0.419(4.5/10.8),0.794(2.5/3.2),1.7,13.3,2.9,4.7,1,0.2,2.6,-1.98
